station_id,uuid,operator_id,operator_name,usage_type_id,usage_type,status_type_id,status,station_name,address_line1,town,state,postcode,country_id,latitude,longitude,number_of_points,date_last_verified,date_created,etl_staged_at
475401,DB9666B2-7B39-4A75-B34C-1FB0118E7624,3539,Zeon Charging,4,Public - Membership Required,50,Operational,Sai Restaurant & Cafe,NH48,Narayanwadi,Maharashtra ,,106,17.22435243142344,74.18016473328942,2,2026-02-02T00:50:00Z,2026-02-02T00:50:00Z,2026-02-09T16:28:39.349918
475337,583690D9-3F8C-4F0D-9C3A-2700E0FB0B6C,3957,eDrive BPCL (IN),4,Public - Membership Required,50,Operational,Ishyu Restaurant Jetcharge,Near Gopalpura Interchange ,,Rajasthan,,106,24.89141834594497,75.96482113417042,2,2026-02-01T14:21:00Z,2026-02-01T14:21:00Z,2026-02-09T16:28:39.349975
474598,AA3A6C1D-6937-4B9F-AA9A-78318359B323,3780,ChargeMod (IN),4,Public - Membership Required,50,Operational,Al Ameemi Fast Charging Station,Payyanur Main Road,Payyanur,Kerala,671350,106,12.105660473422844,75.21173432031628,2,2026-01-23T12:49:00Z,2026-01-23T12:49:00Z,2026-02-09T16:28:39.350004
474596,DDF24CBB-9FF7-4349-869B-E55B520F724C,3780,ChargeMod (IN),4,Public - Membership Required,50,Operational,EQ TP Power | Vellur,NH 66 Kasaragod Kannur Road,Vellur,Kerala,670307,106,12.149897992825927,75.2126366440724,1,2026-01-23T12:46:00Z,2026-01-23T12:46:00Z,2026-02-09T16:28:39.350030
474595,5598E661-799C-459A-9C2B-BB187DF10232,3780,ChargeMod (IN),4,Public - Membership Required,50,Operational,EQ Sprinkle EVCS | Thaliparamba,NH 66,Thaliparamba,Kerala,670143,106,12.048654635370426,75.34628006166724,2,2026-01-23T12:44:00Z,2026-01-23T12:44:00Z,2026-02-09T16:28:39.350053
474594,6DB9015B-1D19-47C6-880C-9CA8DB42FF10,3780,ChargeMod (IN),4,Public - Membership Required,50,Operational,Chirakkal Bank EVCS,Kasargod Kannur Calicut Highway,Chirakkal,Kerala,670022,106,11.91670441912386,75.35830443320492,1,2026-01-23T12:42:00Z,2026-01-23T12:42:00Z,2026-02-09T16:28:39.350098
474593,6437B8D8-2CC2-458F-8E74-64E26BDED1A6,3780,ChargeMod (IN),4,Public - Membership Required,50,Operational,VAN-V | EVOK | Panamaram,Mananthavady- Kalpetta Road,Panamaram,Kerala,673124,106,11.72574709855104,76.07767336604513,2,2026-01-23T12:38:00Z,2026-01-23T12:38:00Z,2026-02-09T16:28:39.350121
474592,31643BE5-DF6C-4FBA-AD8F-715BAFA99F68,3780,ChargeMod (IN),4,Public - Membership Required,50,Operational,JetEV Nest Developers | Kambalakkad,Mananthavady- Kalpetta Road,Kamabalakkad,Kerala,673122,106,11.6678126676712,76.07946996948226,1,2026-01-23T12:36:00Z,2026-01-23T12:36:00Z,2026-02-09T16:28:39.350143
474589,8FED26B4-DB7F-4B27-9FB4-E57FAD5D0C54,3780,ChargeMod (IN),4,Public - Membership Required,50,Operational,Ecozone EVCS | Ulliyeri,Kuttiyadi Road,Ulliyeri,Kerala,673315,106,11.446514859247145,75.77262022445586,1,2026-01-23T12:29:00Z,2026-01-23T12:29:00Z,2026-02-09T16:28:39.350165
474587,5FA22171-5F6B-4B6A-936E-07EEB1107122,3780,ChargeMod (IN),4,Public - Membership Required,50,Operational,Flash Charge EVCS | Thirivangoor,NH 66 - Kozhikode Bypass`,Thirivangoor,,673304,106,11.38212989549119,75.73661185868718,1,2026-01-23T12:19:00Z,2026-01-23T12:19:00Z,2026-02-09T16:28:39.350187
474585,AB8304AA-FC67-4A51-91FC-6312BABB5215,3780,ChargeMod (IN),4,Public - Membership Required,50,Operational,Kairali EVCS | Vengalam,Kannur Road,Vengalam,Kerala,673318,106,11.364746011174972,75.73944992877182,2,2026-01-23T12:13:00Z,2026-01-23T12:13:00Z,2026-02-09T16:28:39.350207
474584,BFBD8F81-70F7-4223-A388-D88DE25809E7,3780,ChargeMod (IN),4,Public - Membership Required,50,Operational,EVM Citroen Calicut,Kannur Road,Kozhikode,Kerala,673005,106,11.30428542732038,75.75957892280337,1,2026-01-23T12:06:00Z,2026-01-23T12:06:00Z,2026-02-09T16:28:39.350228
474582,E97F1A78-2AD9-4B85-A5F1-9F57A215F122,3780,ChargeMod (IN),4,Public - Membership Required,50,Operational,Shakti | EVOK Charging Hub,Chinmaya Road,Kozhikode,Kerala,673016,106,11.257841246701844,75.81018791903341,2,2026-01-23T12:03:00Z,2026-01-23T12:03:00Z,2026-02-09T16:28:39.350248
474580,24CC24F3-5319-48E7-9A05-2651E4F107F2,3780,ChargeMod (IN),4,Public - Membership Required,50,Operational,EcoVolt EVCS | EVOK | Pantheerankavu,NH 66,Pantheerankavu,Kerala,673027,106,11.235354677733028,75.84566829942764,2,2026-01-23T12:01:00Z,2026-01-23T12:01:00Z,2026-02-09T16:28:39.350269
474578,8F077AD4-6355-44B4-B9FD-0C2934131121,3780,ChargeMod (IN),4,Public - Membership Required,50,Operational,Bisluck Energy EVCS | Vattaparamba,Edavannapara - Kondotty Road,Edavannappara,Kerala,673648,106,11.16434134008496,75.96400736946612,2,2026-01-23T11:57:00Z,2026-01-23T11:57:00Z,2026-02-09T16:28:39.350337
474576,A1454E95-B6C1-46B3-9595-3EB578A6E6E1,3780,ChargeMod (IN),4,Public - Membership Required,50,Operational,Elite EVOK Charging Hub | Perinthalmanna,Perinthalmanna-Mannarkkad-Palakkad Road,Perinthalmanna,Kerala,679322,106,10.977749605167759,76.242862885499,2,2026-01-23T11:52:00Z,2026-01-23T11:52:00Z,2026-02-09T16:28:39.350424
474575,DCEA8508-9089-48C5-B04C-4595E812A6D9,3780,ChargeMod (IN),4,Public - Membership Required,50,Operational,Sam EVCV | Perinthalmanna,Valanchery Nilambur Road,Parinthalmanna,Kerala,679338,106,10.950358143496459,76.16323671441523,1,2026-01-23T11:49:00Z,2026-01-23T11:49:00Z,2026-02-09T16:28:39.350464
474574,901DF2BD-C9DA-4A5D-AEB9-9844A7397DBC,3780,ChargeMod (IN),4,Public - Membership Required,50,Operational,BP Angadi | EVOK | Tirur,Tirur Chamravattom Road,Tirur,Kerala,676101,106,10.886313623740861,75.93057433099898,1,2026-01-23T11:48:00Z,2026-01-23T11:46:00Z,2026-02-09T16:28:39.350489
474573,B5B9C6B0-799F-45A2-850A-0A28AFD0667F,3780,ChargeMod (IN),4,Public - Membership Required,50,Operational,EVee Buddy | Town Plug EVCS | Palakkad,Racket Court Road,Palakkad,Kerala,678001,106,10.76489386251312,76.65199428138283,1,2026-01-23T11:32:00Z,2026-01-23T11:32:00Z,2026-02-09T16:28:39.350509
474571,43F898A7-2221-41AA-BDD2-8331D3509807,3780,ChargeMod (IN),4,Public - Membership Required,50,Operational,EVMOD EVCS | Pudussery,NH Service Road,Kanjikode,Kerala,678621,106,10.796990864937015,76.76440925644602,2,2026-01-23T11:30:00Z,2026-01-23T11:30:00Z,2026-02-09T16:28:39.350529
474570,D57208E8-38F2-40F2-92B4-3A38B3B38B89,3780,ChargeMod (IN),4,Public - Membership Required,50,Operational,EVDay EVCS | Ottappalam | Manissery,Ottappalam-Kulapully-Shornur Road,Ottappalam,Kerala,679522,106,10.777715299374591,76.34122770419708,2,2026-01-23T11:27:00Z,2026-01-23T11:27:00Z,2026-02-09T16:28:39.350550
474568,AF3AF65A-A6BA-4420-8499-C35592C36DC4,3780,ChargeMod (IN),4,Public - Membership Required,50,Operational,K4 EV Fast Charging Station,Thrissur – Kunnamkulam Road,Kunnamkulam,Kerala,680519,106,10.705220458256875,76.0892676022388,2,2026-01-23T11:40:00Z,2026-01-23T11:24:00Z,2026-02-09T16:28:39.350570
474567,37DE2BC1-5BFA-4154-96B8-8EA08C3D0050,3780,ChargeMod (IN),4,Public - Membership Required,50,Operational,VKJ | Flash Charge EVCS | Chettuva,NH-66,Chettuva,Kerala,680569,106,10.521423220390915,76.05127900964453,2,2026-01-23T11:21:00Z,2026-01-23T11:21:00Z,2026-02-09T16:28:39.350590
474565,03C173DB-7626-46FD-AB82-6522E8305328,3780,ChargeMod (IN),4,Public - Membership Required,50,Operational,Duke Communications | Pazhuvil,Thriprayar-Cherpu-Trissur Road,Pazhuvil,Kerala,680565,106,10.416437872608014,76.1536747860506,1,2026-01-23T11:19:00Z,2026-01-23T11:19:00Z,2026-02-09T16:28:39.350610
474564,B48A95C1-CBEB-40C0-A8AB-82E3C8885A30,3780,ChargeMod (IN),4,Public - Membership Required,50,Operational,Amigo EV Charge Hub | Marygiri | Vadakkenchery,NH 544,Vadakkenchery,Kerala,678683,106,10.584055517894868,76.4358174230016,1,2026-01-23T11:16:00Z,2026-01-23T11:16:00Z,2026-02-09T16:28:39.350629
474563,C5BCC2B6-0186-4014-AEDA-86B31926CF42,3780,ChargeMod (IN),4,Public - Membership Required,50,Operational,Turbo EV Charge Hub | Mannuthi Bypass,Thrissur - Mannuthy Road,Mannuthi,Kerala,680655,106,10.528605753564008,76.25562112844545,2,2026-01-23T11:11:00Z,2026-01-23T11:11:00Z,2026-02-09T16:28:39.350663
474562,11FE7801-31A8-4A46-B429-E2C43EA6D1E1,3780,ChargeMod (IN),4,Public - Membership Required,50,Operational,EVOK Charging Hub | Mannuthy,Nila Road,Mannuthi,Kerala,680657,106,10.539559645990693,76.253916842178,1,2026-01-23T11:09:00Z,2026-01-23T11:09:00Z,2026-02-09T16:28:39.350686
474561,5D7EF7CE-2662-4C84-8365-B34D43AC390B,3780,ChargeMod (IN),4,Public - Membership Required,50,Operational,M Star EVCS | Koorkenchery,Balya Kannamkulangara Road,Thrissur,Kerala,680021,106,10.511219802362845,76.21322686637518,2,2026-01-23T11:07:00Z,2026-01-23T11:07:00Z,2026-02-09T16:28:39.350707
474560,49B0E583-55F0-4683-80F1-28EEE7D04E14,3780,ChargeMod (IN),4,Public - Membership Required,50,Operational,Irrai EVCS | Chalakka,Manjaly Athani Road,Chalakka,Kerala,683524,106,10.155044701593752,76.28093391543848,1,2026-01-23T10:35:00Z,2026-01-23T10:35:00Z,2026-02-09T16:28:39.350728
474559,09E3198A-010A-4D9F-B87A-34AE908B044E,3780,ChargeMod (IN),4,Public - Membership Required,50,Operational,SK EVCS | Kizhakkambalam,Kizhakkambalam Ernakulam Road,Kizhakkambalam,Kerala,683562,106,10.036645889420939,76.41843031999929,3,2026-01-23T10:32:00Z,2026-01-23T10:32:00Z,2026-02-09T16:28:39.350750
474558,6F8C2333-6FDC-446C-BFB4-2939F2807741,3780,ChargeMod (IN),4,Public - Membership Required,50,Operational,Jayalakshmi Silks EVCS | CAPGO | Vennala,Salem - Kochi - Kanyakumari Road,Vennala,Kerala,682025,106,10.003945576726636,76.3133535047184,4,2026-01-23T10:22:00Z,2026-01-23T10:22:00Z,2026-02-09T16:28:39.350771
474557,D1100887-317C-41BE-ADAF-5387BF6496D6,3780,ChargeMod (IN),2,Private - Restricted Access,50,Operational,Sunvolt DLF Riverside | Vyttila,Bund Road,Vyttila,Kerala,682019,106,9.959224022448979,76.31419020501517,1,2026-01-23T10:17:00Z,2026-01-23T10:17:00Z,2026-02-09T16:28:39.350790
474556,30823865-2C39-4381-A0AB-36859EB6539B,3780,ChargeMod (IN),4,Public - Membership Required,50,Operational,Flash EVCS | Kundannoor,Kochi Dhanushkodi Road,Kundannoor,Kerala,682304,106,9.938719980937563,76.31830915617024,1,2026-01-23T10:15:00Z,2026-01-23T10:15:00Z,2026-02-09T16:28:39.350810
474555,55BCFE71-BB76-4D2D-A6F0-E98A74042F47,3780,ChargeMod (IN),4,Public - Membership Required,50,Operational,Adithya Shree EVCS | Ponnamveli,Valamangalam Road,Cherthala,Kerala,688532,106,9.74323198081818,76.31942862417168,2,2026-01-23T10:12:00Z,2026-01-23T10:12:00Z,2026-02-09T16:28:39.350830
474554,DB1BC380-783C-4F2E-A085-838F44C54583,3780,ChargeMod (IN),4,Public - Membership Required,50,Operational,EVee Buddy | Mangalath EVCS | Mangalathunada,Ernakulam - Thekkady Road,Kolenchery,Kerala,686689,106,10.016772858051837,76.50315706545018,1,2026-01-23T10:10:00Z,2026-01-23T10:10:00Z,2026-02-09T16:28:39.350848
474553,45499CC2-1B70-464C-BA92-08E78E84ED4B,3780,ChargeMod (IN),4,Public - Membership Required,50,Operational,Kavalangad Service Bank EVCS | EVOK,Kochi - Dhanushkodi Road,Nellimattom,Kerala,686693,106,10.059068578217918,76.68397959284152,2,2026-01-23T10:07:00Z,2026-01-23T10:07:00Z,2026-02-09T16:28:39.350874
474552,EFA97696-61BD-4CFC-8FC0-A45F07ADA85E,3780,ChargeMod (IN),4,Public - Membership Required,50,Operational,EVOK Charging Station | Meenkunnam,Main Central Road,Meenkunnam,Kerala,686672,106,9.935613467019522,76.57550196671468,1,2026-01-23T10:05:00Z,2026-01-23T10:05:00Z,2026-02-09T16:28:39.350895
474550,C86554E0-65DD-41A9-9C45-C4D1BD086E17,3780,ChargeMod (IN),4,Public - Membership Required,50,Operational,EVee Buddy | Vedas Energy EVCS | Ramapuram,Pala- Ramapuram- Koothattukulam Road,Ramapuram,Kerala,686576,106,9.796182731293456,76.66330810978661,2,2026-01-23T09:55:00Z,2026-01-23T09:55:00Z,2026-02-09T16:28:39.350916
474549,024C92A8-4B1F-46D3-A179-1BA50E4BA809,3780,ChargeMod (IN),4,Public - Membership Required,50,Operational,Qwik Volt EVCS | Kothanalloor,Ettumanoor - Ernakulam Road,Ettumanoor,Kerala,686632,106,9.718846765722049,76.52517369004113,2,2026-01-23T09:52:00Z,2026-01-23T09:52:00Z,2026-02-09T16:28:39.350937
474548,FDC72DB3-4816-442A-AF92-FB87095C362C,3780,ChargeMod (IN),4,Public - Membership Required,50,Operational,Nest Homestay EVOK | Adimali,Kochi - Dhanushkodi Road,Adimali,Kerala,685565,106,10.017257943716487,77.00066031382221,1,2026-01-23T09:49:00Z,2026-01-23T09:49:00Z,2026-02-09T16:28:39.350962
474547,27C96929-6047-4B6F-AAD1-BCF50AC86D25,3780,ChargeMod (IN),4,Public - Membership Required,50,Operational,EVee Buddy | Everest Hotel | Idukki,Adimali Kumali Highway,Idukki,Kerala,685602,106,9.847466205348368,76.9809564366526,1,2026-01-23T09:46:00Z,2026-01-23T09:46:00Z,2026-02-09T16:28:39.350986
474546,F118302F-FAC5-4F4E-838B-CB80E7D40BC0,3780,ChargeMod (IN),4,Public - Membership Required,50,Operational,Flash Charge EVCS | Kattappana,Kattappana - Kuttikkanam Road,Kattappana,Kerala,685508,106,9.750837650469535,77.10918575774053,1,2026-01-23T09:40:00Z,2026-01-23T09:40:00Z,2026-02-09T16:28:39.351007
474545,1CB45E10-F388-4411-8883-2A32334B2817,3780,ChargeMod (IN),4,Public - Membership Required,50,Operational,Flash Charge EVCS | Vagamon,Pullikkanam-Elappara Road,Vagamon,Kerala,685503,106,9.688898073953794,76.90444842810166,1,2026-01-23T09:38:00Z,2026-01-23T09:38:00Z,2026-02-09T16:28:39.351028
474544,EC1659E5-18FD-4A42-BAF5-7FC70A9F8FAE,3780,ChargeMod (IN),4,Public - Membership Required,50,Operational,EV Point EVCS | Pala,Pala Thodupuzha Road,Pala,Kerala,686575,106,9.71975234535428,76.69166294010688,2,2026-01-23T09:35:00Z,2026-01-23T09:35:00Z,2026-02-09T16:28:39.351048
474543,17076967-680A-4AE2-A77A-793BD959446C,3780,ChargeMod (IN),4,Public - Membership Required,50,Operational,EQ ChargeMate | Naalumanikkattu,Manarkad - Thiruvanchoor Road,Manarcadu,Kerala,686019,106,9.606083638734518,76.57615046762476,2,2026-01-23T09:33:00Z,2026-01-23T09:33:00Z,2026-02-09T16:28:39.351068
474542,16B4AB13-9D04-4D16-9181-9A82F3BDCAD8,3780,ChargeMod (IN),4,Public - Membership Required,50,Operational,Sihla Energy EVCS | Pathanadu,Karukachal - Manimala Road,Pathanadu,Kerala,686542,106,9.50967457321012,76.69336074121975,2,2026-01-23T09:29:00Z,2026-01-23T09:29:00Z,2026-02-09T16:28:39.351094
474541,0358CA33-C531-4364-B230-8D13FF2FC702,3780,ChargeMod (IN),4,Public - Membership Required,50,Operational,EQ Charis EVCS | Cheeranchira,Church Road,Changanassery,Kerala,686106,106,9.478424884249108,76.56147986042515,1,2026-01-23T09:26:00Z,2026-01-23T09:26:00Z,2026-02-09T16:28:39.351115
474540,D5AC0255-985F-41D0-B651-1AE49A4E72E6,3780,ChargeMod (IN),4,Public - Membership Required,50,Operational,Iongrid | Thuruthy,MC Road,Changanasseri,Kerala,686535,106,9.473794270373645,76.52851437737809,2,2026-01-23T09:22:00Z,2026-01-23T09:22:00Z,2026-02-09T16:28:39.351135
474539,ED5E13B1-D81F-4130-9CA1-C31FC2D2C262,3780,ChargeMod (IN),4,Public - Membership Required,50,Operational,Zap N Go,Alappuzha - Changanassery Highway,Kuttanadu,Kerala,689595,106,9.417910830761286,76.48764655959417,2,2026-01-23T09:19:00Z,2026-01-23T09:19:00Z,2026-02-09T16:28:39.351156
474538,EB99F7DC-BA76-4AB9-A700-8D73173439DE,3780,ChargeMod (IN),4,Public - Membership Required,50,Operational,EVOK Charging Station | Thiruvalla,Thengeli Road,Thiruvalla,Kerala,689106,106,9.357343562392998,76.59062444761048,2,2026-01-23T09:13:00Z,2026-01-23T09:13:00Z,2026-02-09T16:28:39.351175
474478,0F929C2A-E9CC-4A6F-B16B-75CF17334054,3780,ChargeMod (IN),4,Public - Membership Required,50,Operational,Anupama EVCS | Pathiyoor,Bhagavathipadi Kareelakulangara Road,Pathiyoor,Kerala,690508,106,9.211019140228416,76.50314274183074,1,2026-01-22T14:24:00Z,2026-01-22T14:24:00Z,2026-02-09T16:28:39.351194
474477,2B900AD8-D219-456C-98F7-C64AEEF22761,3780,ChargeMod (IN),4,Public - Membership Required,50,Operational,EQ Kalayil EVCS | Adoor,NH 183A,Adoor,Kerala,691523,106,9.147193176115792,76.73240138590631,1,2026-01-22T14:21:00Z,2026-01-22T14:21:00Z,2026-02-09T16:28:39.351217
474476,3476FCEE-A7F6-4F2B-8AB5-2612C59477D8,3780,ChargeMod (IN),4,Public - Membership Required,50,Operational,Throw In Foodcourt | Karunagappalli,Railway Station Road,Karunagappalli,Kerala,690518,106,9.067236462385125,76.53588535115716,1,2026-01-22T14:16:00Z,2026-01-22T14:16:00Z,2026-02-09T16:28:39.351237
474475,5753F078-A04B-4FCB-BCFA-D2AE5435EE5F,3780,ChargeMod (IN),4,Public - Membership Required,50,Operational,Best EVCS | Karunagappalli,Old NH,Karunagapally,Kerala,690518,106,9.046108945574417,76.5366839442604,1,2026-01-22T14:11:00Z,2026-01-22T14:11:00Z,2026-02-09T16:28:39.351258
474474,9AF79E02-38A0-40C9-B2CE-BF1250028033,3780,ChargeMod (IN),4,Public - Membership Required,50,Operational,Panamthodil Bakers | Chavara,NH 66,Chavara,Kerala,698582,106,8.983229974793687,76.53477039800418,2,2026-01-22T14:09:00Z,2026-01-22T14:09:00Z,2026-02-09T16:28:39.351277
474473,47FD58AA-FCB1-4A47-B670-417A38288562,3780,ChargeMod (IN),4,Public - Membership Required,50,Operational,Panamthodil Bakers | Chavara,NH 66,Chavara,Kerala,698582,106,8.983229974793687,76.53477039800418,2,2026-01-22T14:09:00Z,2026-01-22T14:09:00Z,2026-02-09T16:28:39.351301
474472,B5BB3FE3-8D0D-48EF-B885-15E7E6F3EBE7,3780,ChargeMod (IN),4,Public - Membership Required,50,Operational,Pontoor EVCS | Fill Nxt | Kunnicode,Kollam - Shenkotta road,Kunnicode,Kerala,691322,106,9.026472181320997,76.851901085588,1,2026-01-22T14:06:00Z,2026-01-22T14:06:00Z,2026-02-09T16:28:39.351321
474471,B1B945E0-1507-4DA0-AC1F-6D7DC8D2AF50,3780,ChargeMod (IN),4,Public - Membership Required,50,Operational,Gilgal EVCS | Fill Nxt | Valakom,MC Road,Valakom,Kerala,691532,106,8.962957682899102,76.83555763990444,2,2026-01-22T14:03:00Z,2026-01-22T14:03:00Z,2026-02-09T16:28:39.351342
474470,4D58B1CC-671C-455B-A693-350CF0122101,3780,ChargeMod (IN),4,Public - Membership Required,50,Operational,M Square EVOK | Kureepuzha,NH 66 - Kollam Bypass,Kollam,Kerala,691319,106,8.921314624972311,76.57636971126544,2,2026-01-22T13:59:00Z,2026-01-22T13:59:00Z,2026-02-09T16:28:39.351362
474468,5310C148-6CA5-4763-8096-78919C1DB909,3780,ChargeMod (IN),4,Public - Membership Required,50,Operational,AR Square EVCS | Kavalayoor,Varkkala Mananakku Road,Kavalayur,,695144,106,8.713974178521198,76.77971906925859,3,2026-01-22T13:55:00Z,2026-01-22T13:55:00Z,2026-02-09T16:28:39.351381
474467,C4F1BDB2-CEDE-4BC7-A171-0E75D2726378,3780,ChargeMod (IN),4,Public - Membership Required,50,Operational,JKV Powern Hub EVCS | Palayam,Sunny Meads Lane,Thiruvananthapuram,Kerala,695001,106,8.500476045362007,76.95228964181433,2,2026-01-22T13:44:00Z,2026-01-22T13:44:00Z,2026-02-09T16:28:39.351401
474466,A8D29E46-68FD-4129-9C9E-8631BEC3C714,3780,ChargeMod (IN),4,Public - Membership Required,50,Operational,JKV Powern Hub EVCS | Palayam,Sunny Meads Lane,Thiruvananthapuram,Kerala,695001,106,8.500476045362007,76.95228964181433,2,2026-01-22T13:43:00Z,2026-01-22T13:43:00Z,2026-02-09T16:28:39.351420
474465,F05DF93D-E767-429A-B0BD-2BCF26BE5C47,3780,ChargeMod (IN),4,Public - Membership Required,50,Operational,Chandra EVCS | Pettah,Kavaradi Road,Thiruvananthapuram,Kerala,695001,106,8.494429796646727,76.93007271012243,1,2026-01-22T13:40:00Z,2026-01-22T13:40:00Z,2026-02-09T16:28:39.351441
474464,1C21A2C2-FD91-4D24-86C7-A1B5D97C9F0C,3780,ChargeMod (IN),4,Public - Membership Required,50,Operational,Illam Chacka,Chacka Karikkakom Road,Thriuvananthapuram,Kerala,695024,106,8.491842863574092,76.9201682008487,2,2026-01-22T13:38:00Z,2026-01-22T13:38:00Z,2026-02-09T16:28:39.351460
474463,5FCDC5F2-387C-4C70-9EF2-B5C1FC21C80B,3780,ChargeMod (IN),4,Public - Membership Required,50,Operational,EV Park ECVS Kazhakkoottam | Karthika Park Hotel,Salem - Kochi - Kanyakumari Road,Thiruvananthapuram,Kerala,695001,106,8.572651965073888,76.87040125713293,2,2026-01-22T13:25:00Z,2026-01-22T13:25:00Z,2026-02-09T16:28:39.351479
474462,2247A861-7F18-4B83-8164-9F27F7B4098C,3780,ChargeMod (IN),4,Public - Membership Required,50,Operational,EQ Future Mobility Thakkaram,Salem - Kochi - Kanyakumari Road,Thiruvananthapuram,Kerala,695001,106,8.578585530292187,76.86647624850741,1,2026-01-22T15:00:00Z,2026-01-22T13:22:00Z,2026-02-09T16:28:39.351507
474366,0F9D9CCC-D769-47EB-8B6C-6C4DFBE8C697,3957,eDrive BPCL (IN),4,Public - Membership Required,50,Operational,Rest Area Mumbai - Vadodara Expressway,Mumbai - Vadodara Expressway,Saraswani,Gujarat,,106,22.170156061343988,73.08761282093997,1,2026-01-20T02:41:00Z,2026-01-19T15:25:00Z,2026-02-09T16:28:39.351528
474365,8B18E2C3-CE1B-44F8-9628-769EC31FE882,3957,eDrive BPCL (IN),4,Public - Membership Required,50,Operational,NE4 Eest Area Saraswani,NE4,Saraswani,Gujarat,,106,22.180225932979837,73.08990857907611,1,2026-01-20T02:41:00Z,2026-01-19T15:24:00Z,2026-02-09T16:28:39.351548
474364,41B1DD71-5C95-462D-B74D-6708DD12D61A,3818,Chargezone (India),4,Public - Membership Required,50,Operational,Hotel Empire ChargeZone,NH48,Chikhli,Gujarat,396521,106,20.740672958672647,73.0356012014945,1,2026-01-20T02:41:00Z,2026-01-19T14:30:00Z,2026-02-09T16:28:39.351568
474363,B54817C5-DA0A-4D07-B43E-7C32CC7EBBDD,1,(Unknown Operator),1,Public,50,Operational,Home,COLLEGE ROAD,Hailakandi,Assam,788151,106,26.6975,91.8512,1,2026-01-22T14:29:00Z,2026-01-19T14:28:00Z,2026-02-09T16:28:39.351588
474191,C5D7D576-7DB4-4212-9F7B-518055F7AB0F,3436,Tata Power,4,Public - Membership Required,50,Operational,Viraj Junction EFill EVCS,NH48,NH48,Karnataka,591229,106,16.536666790073667,74.31995764262308,2,2026-01-18T06:37:00Z,2026-01-15T06:32:00Z,2026-02-09T16:28:39.351608
473117,1E743E88-2053-463E-9127-B14DFB8F1E2A,3436,Tata Power,4,Public - Membership Required,50,Operational,Tata Power Hotel Elite,Para Road,Lucknow,Uttar Pradesh,226017,106,26.838270570472844,80.85377711286401,1,2026-01-16T13:19:00Z,2026-01-13T13:15:00Z,2026-02-09T16:28:39.351629
473032,1A254695-C091-4575-99FF-AA9A4514EC46,3818,Chargezone (India),4,Public - Membership Required,50,Operational,Hotel Annapura,Piplod Dahod Highway,Piplod,Gujarat,,106,22.794234488352203,73.85882625545071,1,2026-01-15T15:24:00Z,2026-01-12T15:22:00Z,2026-02-09T16:28:39.351648
473031,8C07645F-A281-4BC7-B087-A2A4A038D09E,3818,Chargezone (India),4,Public - Membership Required,50,Operational,Shree Kanha International Chargezone,NH156,Ratlam,Madhya Pradesh,,106,23.386513324612196,75.05985128378688,1,2026-01-15T15:19:00Z,2026-01-12T15:18:00Z,2026-02-09T16:28:39.351668
472820,17D0EB4E-DB29-4CAC-82AD-FCAD7BBE431F,1,(Unknown Operator),5,Public - Pay At Location,50,Operational,KR RESORT,2ML HANUMANGADH ROAD ,Ganganagar,Rajasthan,335001,106,29.88678759214764,73.92823039326373,1,2026-01-12T18:35:00Z,2026-01-09T18:33:00Z,2026-02-09T16:28:39.351688
472811,F1411DA3-D3D3-4CF6-91D7-DA8C62475A11,3436,Tata Power,4,Public - Membership Required,50,Operational,Tata PowerYamuna Expressway Mathura RHS,Yamuna Expressway,Yamuna Expressway ,Uttar Pradesh,281202,106,27.61204701128193,77.74185073192439,2,2026-01-12T16:55:00Z,2026-01-09T16:52:00Z,2026-02-09T16:28:39.351712
472810,90F27C4A-5C59-48E6-A4C0-48B4980EE5ED,3436,Tata Power,4,Public - Membership Required,50,Operational,Tata Power Yamuna Expressway Mathura Exit LHS,Yamuna Expressway,Yamuna Expressway,Uttar Pradesh,281204,106,27.55039596637711,77.75506264207092,2,2026-01-12T16:49:00Z,2026-01-09T16:49:00Z,2026-02-09T16:28:39.351732
472808,19A22FEE-49B5-4F5C-B221-2D062894C6AA,3779,Statiq (IN),1,Public,50,Operational,Statiq Jaypee Agra,SH62,Agra,Uttar Pradesh ,,106,27.153405340639026,78.07073593311952,1,2026-01-12T16:44:00Z,2026-01-09T16:43:00Z,2026-02-09T16:28:39.351756
472798,7DE719CD-9FBF-4CD4-9283-95EE042B99BF,1,(Unknown Operator),5,Public - Pay At Location,50,Operational,KR RESORT,2ML NEAR FLY OVER HANUMANGARH ROAD,Ganganagar,Rajasthan,335001,106,29.88699156029739,73.92473793102454,1,2026-01-12T01:32:00Z,2026-01-09T01:27:00Z,2026-02-09T16:28:39.351776
472532,F9DC72BB-0808-4606-94ED-25B92D6EC16A,1,(Unknown Operator),4,Public - Membership Required,50,Operational,ev,Kulathur,COIMBATORE,TAMILNADU,641062,106,11.046407561050373,77.07956128281876,1,2026-01-07T14:54:00Z,2026-01-04T14:53:00Z,2026-02-09T16:28:39.351794
472508,86AA23DC-D824-46BE-B7F7-0BBE92F1EB7E,1,(Unknown Operator),4,Public - Membership Required,50,Operational,Charging station,2nd Cross Road,,Karnataka,560002,106,12.960850473046193,77.58182473802742,1,2026-01-07T09:53:00Z,2026-01-04T09:52:00Z,2026-02-09T16:28:39.351814
472439,5D35F8A3-CCEC-41A6-8779-5283BD6F2261,3818,Chargezone (India),4,Public - Membership Required,50,Operational,Nagpur-Betul-Itarsi-Bhopal,Nagpur-Betul-Itarsi-Bhopal,,Madhya Pradesh,460005,106,21.997785954355106,77.86538182767944,1,2026-01-05T03:48:00Z,2026-01-02T03:47:00Z,2026-02-09T16:28:39.351834
472327,3F47F418-1D6E-4CC8-8C15-58132D0BF089,3817,JIO BP Pulse (India),4,Public - Membership Required,50,Operational,Rest Area Jio BP  RHS,Delhi - Vadodara Expressway,Bonli,Rajasthan,,106,26.378544178688983,76.25327630896135,1,2026-01-03T11:38:00Z,2025-12-31T11:34:00Z,2026-02-09T16:28:39.351853
472326,9BEACC9E-FA6B-4F2C-BCF0-DD7B8195B2A3,3828,Xobolt (IN),1,Public,50,Operational,Lakshya Water Park,Baran Rd,Kota District,Rajasthan,325208,106,25.162225667133868,76.1663600759789,1,2026-01-03T11:33:00Z,2025-12-31T11:32:00Z,2026-02-09T16:28:39.351873
471993,D3A3CF92-6EB7-4ED1-A57D-FDE2C79FB66D,3818,Chargezone (India),4,Public - Membership Required,50,Operational, Chargezone Hotel Rangoli,Nh 48,Navsari,GJ,,106,21.038975778372475,72.9752654100723,1,2026-01-20T02:41:00Z,2025-12-26T15:44:00Z,2026-02-09T16:28:39.351893
471992,097A7319-E5FC-4D49-A822-E40637EC8C54,3817,JIO BP Pulse (India),4,Public - Membership Required,50,Operational,DME Bonli Jio BP LHS,DME LHS,Bonli,RJ,,106,26.377358016679594,76.25375666945047,1,2025-12-29T15:49:00Z,2025-12-26T15:34:00Z,2026-02-09T16:28:39.351919
471991,035472EF-C249-4467-AF2A-B620F904F47A,3829,Volttic (IN),1,Public,50,Operational,DME Garoth Rest Area RHS,DME RHS,Garoth,MP,,106,24.345261626028034,75.67832329584303,1,2025-12-29T15:54:00Z,2025-12-26T15:26:00Z,2026-02-09T16:28:39.351939
471989,8DD320AB-A518-4828-A23D-B4F3CDC29799,3829,Volttic (IN),1,Public,50,Operational,Volttic Delhi Mumbai Expressway LHS Garoth,DME Garoth,Garoth,MP,,106,24.346875612361345,75.68155965704818,1,2025-12-29T15:59:00Z,2025-12-26T14:58:00Z,2026-02-09T16:28:39.351958
471855,1E3BD0EE-0EB0-4545-A59C-2BE3B2ACA9E7,3818,Chargezone (India),4,Public - Membership Required,50,Operational,K2 Highway Treat & Resort,NH-46,Guna,,,106,24.684684684684683,77.3373714921519,2,2025-12-28T04:06:00Z,2025-12-25T04:03:00Z,2026-02-09T16:28:39.351978
471854,B6C516EF-B4C7-42D6-B4B8-666FAA37AF35,3818,Chargezone (India),4,Public - Membership Required,50,Operational,Green Mountain Resort,NH-46,Guna,Madhya Pradesh,473110,106,24.54054054054054,77.20867783566665,2,2025-12-28T03:46:00Z,2025-12-25T03:42:00Z,2026-02-09T16:28:39.352002
471853,BEDA097D-1C91-4656-B543-088C0BB5860E,3818,Chargezone (India),4,Public - Membership Required,50,Operational,Hotel Shivani,NH-46 Agra Mumbai Road,Biora,Madhya Pradesh,,106,23.96396396396412,76.93830402560593,2,2025-12-28T02:30:00Z,2025-12-25T02:27:00Z,2026-02-09T16:28:39.352022
471003,DE88B5A9-BCA4-4C96-86F0-6E7B19129E75,1,(Unknown Operator),5,Public - Pay At Location,50,Operational,160kW GREEN ENERGY EV CHARGING STATION,Alappuzha - Changanassery Highway,Changanassery,Kerala,686102,106,9.437442172035318,76.54200920369158,1,2025-12-27T12:28:00Z,2025-12-15T05:56:00Z,2026-02-09T16:28:39.352042
470897,7A07F103-F9E6-4887-8CF6-0DF73494ED3F,3779,Statiq (IN),4,Public - Membership Required,50,Operational,RK Mess & Restaurant,Kanyakumari - Varanasi Higway,Manmangalam,Tamil Nadu,639006,106,11.044939,78.055861,1,2025-12-15T13:02:00Z,2025-12-12T12:59:00Z,2026-02-09T16:28:39.352061
470760,6C9E925A-16D0-4F05-A3E9-39B113564369,3929,Hydra Charging (IN),4,Public - Membership Required,50,Operational,Aravai Aanandas,Kanyakumari - Varanasi Highway,Karur,Tamil Nadu,639201,106,10.777439,77.920825,1,2025-12-12T17:40:00Z,2025-12-09T17:37:00Z,2026-02-09T16:28:39.352082
470710,B34C6548-01C8-49AC-AF73-E74D5CC0D45B,3777,Relux Electric (India),4,Public - Membership Required,50,Operational,VSB Auto Care,Coimbatore - Trichy Road,Karur,Tamil Nadu,639008,106,10.964214297245903,78.04655560696892,1,2025-12-11T05:47:00Z,2025-12-08T05:44:00Z,2026-02-09T16:28:39.352102
470709,934FAAAB-5916-46B5-A6F2-665BB12A5B42,3539,Zeon Charging,4,Public - Membership Required,50,Operational,AKR Textiles,NH81,Karur,Tamil Nadu,639008,106,10.963961710013322,78.0480420514914,1,2025-12-11T05:42:00Z,2025-12-08T05:38:00Z,2026-02-09T16:28:39.352127
469744,D3B59181-3553-4BA8-90EC-8B2266512433,3829,Volttic (IN),1,Public,50,Operational,Volttic LHS DME,Rajpura,Rajpura,Rajasthan,,106,27.287131064283074,76.77469481284459,2,2025-11-24T16:09:00Z,2025-11-21T16:04:00Z,2026-02-09T16:28:39.352148
469742,2CDB8B92-78BE-4714-A4FC-4B16D14B1BB7,3817,JIO BP Pulse (India),4,Public - Membership Required,50,Operational,Avantika Resort EV Cosmos,Dahod,Dahod,Gujarat,,106,22.810459615604046,74.30068522366184,2,2025-11-24T16:04:00Z,2025-11-21T15:59:00Z,2026-02-09T16:28:39.352169
469522,5F80D688-8786-460C-8F4B-9CC7BA7E1D15,3817,JIO BP Pulse (India),1,Public,50,Operational,Regenta Fairlark,Bhayli Road,Vadodara,Gujarat,,106,22.287645146764476,73.13222578916577,2,2025-11-21T12:39:00Z,2025-11-18T12:36:00Z,2026-02-09T16:28:39.352190
469517,A8EF743C-E343-4A2A-A286-424F5C33102D,3821,EESL (IN),1,Public,50,Operational,EESL - Devinder Collections,"EESL Charging Station Outside Devinder Collections,",New Delhi``,New Dehi,110001,106,28.633242086746723,77.22494621242714,1,2025-11-21T09:44:00Z,2025-11-18T09:42:00Z,2026-02-09T16:28:39.352210
